txn_id,timestamp,amount,currency,customer_id,type,parent_txn_id,status
TXN0000129,2026-01-01 01:58:13,26044.03,INR,CUST8181A8CC,payment,,success
TXN0000281,2026-01-01 02:59:19,14213.67,INR,CUST11A72609,payment,,success
TXN0000682,2026-01-01 04:02:48,37833.35,INR,CUST1578D709,payment,,success
TXN0000397,2026-01-01 07:06:49,9152.14,INR,CUST11DF12D7,payment,,success
TXN0000008,2026-01-01 07:34:17,37964.49,INR,CUST6B65A6A4,payment,,success
TXN0000787,2026-01-01 07:53:04,47446.29,INR,CUST8471B4B0,payment,,success
TXN0000649,2026-01-01 07:57:27,13113.19,INR,CUST8F158449,payment,,success
TXN0000411,2026-01-01 08:57:21,10300.71,INR,CUSTFD08B32C,payment,,success
TXN0000089,2026-01-01 10:51:11,22968.45,INR,CUST5AB33EDF,payment,,success
TXN0000748,2026-01-01 11:00:36,35171.97,INR,CUST0EAF04B5,payment,,success
TXN0000736,2026-01-01 13:48:26,934.63,INR,CUSTB12B6680,payment,,success
TXN0000195,2026-01-01 14:44:26,42493.82,INR,CUSTBF85BF0E,payment,,success
TXN0000223,2026-01-01 16:29:02,35430.12,INR,CUSTD0A44432,payment,,success
TXN0000293,2026-01-01 17:52:52,36149.95,INR,CUSTC01F36BF,payment,,success
TXN0000688,2026-01-01 18:13:43,12109.25,INR,CUST5FBBF0B1,payment,,success
TXN0000756,2026-01-01 18:14:34,48077.31,INR,CUST2747B93C,payment,,success
TXN0000502,2026-01-01 18:55:24,17918.98,INR,CUSTA5135EA0,payment,,success
TXN0000179,2026-01-01 22:34:59,37476.31,INR,CUST09CB3942,payment,,success
TXN0000420,2026-01-02 00:17:58,48313.36,INR,CUST43D88870,payment,,success
TXN0000318,2026-01-02 01:33:41,48899.43,INR,CUST5C62B3A2,payment,,success
TXN0000339,2026-01-02 05:09:20,31015.39,INR,CUSTC342BD2B,payment,,success
TXN0000253,2026-01-02 06:08:05,4657.21,INR,CUST6DB99102,payment,,success
TXN0000303,2026-01-02 09:43:33,2394.95,INR,CUSTB63B4DC3,payment,,success
TXN0000563,2026-01-02 11:17:08,24952.1,INR,CUST9BE71737,payment,,success
TXN0000527,2026-01-02 12:16:53,7224.7,INR,CUSTA4B1F991,payment,,success
TXN0000605,2026-01-02 12:46:56,28671.26,INR,CUSTA21B0307,payment,,success
TXN0000746,2026-01-02 12:54:54,4765.68,INR,CUST9D66E815,payment,,success
TXN0000675,2026-01-02 12:58:25,14425.83,INR,CUSTC7332304,payment,,success
TXN0000004,2026-01-02 13:01:46,1586.88,INR,CUST972A8469,payment,,success
TXN0000687,2026-01-02 13:32:09,40492.96,INR,CUST6A36AF18,payment,,success
TXN0000348,2026-01-02 14:07:02,34545.01,INR,CUST96FC734D,payment,,success
TXN0000528,2026-01-02 16:32:37,6398.88,INR,CUSTFFA361BE,payment,,success
TXN0000636,2026-01-02 18:20:20,49858.87,INR,CUST9C1C3517,payment,,success
TXN0000638,2026-01-02 19:39:04,562.43,INR,CUSTC6435300,payment,,success
TXN0000124,2026-01-02 20:34:22,5509.29,INR,CUST21813D25,payment,,success
TXN0000445,2026-01-02 21:36:13,12462.41,INR,CUST4C955F6A,payment,,success
TXN0000084,2026-01-02 22:18:08,31007.14,INR,CUST7C441FE7,payment,,success
TXN0000181,2026-01-02 22:54:14,37736.24,INR,CUST6FB78271,payment,,success
TXN0000107,2026-01-03 00:44:02,15482.09,INR,CUSTB253D218,payment,,success
TXN0000013,2026-01-03 02:37:24,36513.62,INR,CUST1A2A73ED,payment,,success
TXN0000509,2026-01-03 03:02:16,39576.35,INR,CUST34885A46,payment,,success
TXN0000585,2026-01-03 04:42:40,20089.02,INR,CUSTF200C261,payment,,success
TXN0000410,2026-01-03 04:54:54,11103.87,INR,CUSTE9D68F23,payment,,success
TXN0000016,2026-01-03 05:23:21,33097.04,INR,CUST759CDE66,payment,,success
TXN0000730,2026-01-03 08:31:24,38240.51,INR,CUST493E904D,payment,,success
TXN0000690,2026-01-03 08:42:43,12312.23,INR,CUST519554E3,payment,,success
TXN0000150,2026-01-03 10:30:31,27914.55,INR,CUSTB0E6A969,payment,,success
TXN0000581,2026-01-03 10:53:01,14139.68,INR,CUSTAD9FB00D,payment,,success
TXN0000355,2026-01-03 10:55:41,39361.05,INR,CUST77FC9703,payment,,success
TXN0000070,2026-01-03 10:56:22,32642.03,INR,CUSTA8E56E0C,payment,,success
TXN0000100,2026-01-03 11:11:06,4705.69,INR,CUST03C72BA8,payment,,success
TXN0000602,2026-01-03 11:49:59,29217.81,INR,CUST1422373F,payment,,success
TXN0000389,2026-01-03 11:56:20,48423.09,INR,CUST1D0BC9BD,payment,,success
TXN0000709,2026-01-03 12:02:40,13496.23,INR,CUST8603156A,payment,,success
TXN0000449,2026-01-03 13:00:36,39482.42,INR,CUST61A11729,payment,,success
TXN0000365,2026-01-03 13:02:57,6425.25,INR,CUST2CD94CBB,payment,,success
TXN0000761,2026-01-03 14:33:39,4974.52,INR,CUST06A241AF,payment,,success
TXN0000064,2026-01-03 15:06:50,33700.89,INR,CUST5CEC4EB5,payment,,success
TXN0000668,2026-01-03 16:49:13,22726.27,INR,CUSTF836F571,payment,,success
TXN0000024,2026-01-03 17:10:20,11529.5,INR,CUST7412B293,payment,,success
TXN0000692,2026-01-03 17:45:43,7092.77,INR,CUST25637CC3,payment,,success
TXN0000081,2026-01-03 18:16:10,48042.87,INR,CUST0F1259E0,payment,,success
TXN0000078,2026-01-03 20:08:16,29001.1,INR,CUST1064005C,payment,,success
TXN0000734,2026-01-03 22:25:46,30929.98,INR,CUST7092947D,payment,,success
TXN0000352,2026-01-03 22:32:45,19967.17,INR,CUST0F44704F,payment,,success
TXN0000065,2026-01-03 22:37:07,20190.8,INR,CUSTCE88CB2D,payment,,success
TXN0000371,2026-01-03 22:52:00,49929.48,INR,CUST292BD156,payment,,success
TXN0000663,2026-01-03 23:57:12,41455.83,INR,CUST98E52499,payment,,success
TXN0000443,2026-01-04 00:05:17,22581.1,INR,CUST8BEDDB12,payment,,success
TXN0000653,2026-01-04 00:22:48,33422.53,INR,CUST17EC889C,payment,,success
TXN0000609,2026-01-04 00:33:46,35318.18,INR,CUST1A5165CA,payment,,success
TXN0000493,2026-01-04 01:10:32,5631.81,INR,CUSTB24CC64F,payment,,success
TXN0000673,2026-01-04 02:17:08,27104.06,INR,CUSTADA58417,payment,,success
TXN0000450,2026-01-04 04:47:34,16551.57,INR,CUST4BBE4AFF,payment,,success
TXN0000835,2026-01-04 04:54:54,11103.87,INR,CUSTE9D68F23,refund,TXN0000410,success
TXN0000385,2026-01-04 06:12:57,4652.12,INR,CUSTA14923C2,payment,,success
TXN0000732,2026-01-04 07:11:18,35387.76,INR,CUST45F18619,payment,,success
TXN0000357,2026-01-04 07:56:11,41507.91,INR,CUST8A3C3B5E,payment,,success
TXN0000194,2026-01-04 08:20:25,25347.44,INR,CUSTAA38D0A1,payment,,success
TXN0000674,2026-01-04 08:24:47,49308.25,INR,CUST70CAFDD8,payment,,success
TXN0000809,2026-01-04 08:57:21,10300.71,INR,CUSTFD08B32C,refund,TXN0000411,success
TXN0000279,2026-01-04 09:20:04,13884.75,INR,CUST90E0F4A0,payment,,success
TXN0000244,2026-01-04 10:55:49,34400.51,INR,CUSTBC10FA52,payment,,success
TXN0000247,2026-01-04 11:11:54,3075.94,INR,CUST638C254C,payment,,success
TXN0000416,2026-01-04 11:58:26,19913.85,INR,CUST1986B4B2,payment,,success
TXN0000710,2026-01-04 12:47:59,9489.35,INR,CUSTF4124360,payment,,success
TXN0000672,2026-01-04 13:05:08,2359.96,INR,CUSTE76ADCA9,payment,,success
TXN0000090,2026-01-04 13:21:17,26927.96,INR,CUSTDD2467AC,payment,,success
TXN0000312,2026-01-04 14:03:19,22142.32,INR,CUSTBE2D740A,payment,,success
TXN0000539,2026-01-04 14:16:36,22656.93,INR,CUST8D244E3E,payment,,success
TXN0000550,2026-01-04 14:24:30,22553.73,INR,CUST8FCA7B6A,payment,,success
TXN0000525,2026-01-04 15:25:45,33592.08,INR,CUSTBA2C98CE,payment,,success
TXN0000431,2026-01-04 15:47:34,8939.59,INR,CUST2A96E1E2,payment,,success
TXN0000069,2026-01-04 15:49:47,22212.22,INR,CUST885F6E66,payment,,success
TXN0000190,2026-01-04 16:32:32,29645.68,INR,CUST1FE771D6,payment,,success
TXN0000762,2026-01-04 16:34:03,17095.58,INR,CUST848AF440,payment,,success
TXN0000426,2026-01-04 16:59:18,25573.12,INR,CUST9E11D2CD,payment,,success
TXN0000662,2026-01-04 18:59:46,45870.51,INR,CUSTE05B46C5,payment,,success
TXN0000760,2026-01-04 19:22:29,25089.56,INR,CUST4758367B,payment,,success
TXN0000556,2026-01-04 19:52:42,12605.2,INR,CUST279C658A,payment,,success
TXN0000707,2026-01-04 20:07:25,46119.08,INR,CUST5A5226E6,payment,,success
TXN0000488,2026-01-04 20:18:16,1048.29,INR,CUST1DDE7969,payment,,success
TXN0000017,2026-01-04 20:57:51,42780.35,INR,CUSTEC1B8CA1,payment,,success
TXN0000520,2026-01-04 21:17:13,16463.2,INR,CUST20733F6D,payment,,success
TXN0000296,2026-01-04 21:34:26,42603.09,INR,CUST7CD0129D,payment,,success
TXN0000561,2026-01-04 22:37:53,2368.54,INR,CUSTC4767556,payment,,success
TXN0000405,2026-01-04 23:02:57,13677.93,INR,CUST6090D697,payment,,success
TXN0000477,2026-01-05 01:43:17,38179.53,INR,CUST8EAC0A33,payment,,success
TXN0000173,2026-01-05 01:48:21,32173.21,INR,CUST11C58EF0,payment,,success
TXN0000444,2026-01-05 02:15:02,25277.0,INR,CUSTF1FAF665,payment,,success
TXN0000140,2026-01-05 02:47:38,14260.94,INR,CUST35EBD32D,payment,,success
TXN0000233,2026-01-05 03:14:34,49696.51,INR,CUST269CD696,payment,,success
TXN0000208,2026-01-05 03:44:46,12143.67,INR,CUST0BD4A990,payment,,success
TXN0000047,2026-01-05 03:47:36,36622.19,INR,CUST98AE4334,payment,,success
TXN0000767,2026-01-05 03:50:27,38631.15,INR,CUST22BF18F5,payment,,success
TXN0000547,2026-01-05 04:26:53,3380.83,INR,CUST6E8F75A1,payment,,success
TXN0000540,2026-01-05 06:17:01,40544.61,INR,CUST6E191042,payment,,success
TXN0000422,2026-01-05 06:40:43,21891.92,INR,CUST541CDFCD,payment,,success
TXN0000633,2026-01-05 08:13:45,32649.71,INR,CUST15969802,payment,,success
TXN0000334,2026-01-05 09:12:37,39555.03,INR,CUSTC693DA11,payment,,success
TXN0000667,2026-01-05 09:57:16,44954.58,INR,CUST5D42B9E9,payment,,success
TXN0000771,2026-01-05 10:37:44,359.24,INR,CUSTAAF78C67,payment,,success
TXN0000354,2026-01-05 10:48:26,33172.16,INR,CUSTEBD34616,payment,,success
TXN0000400,2026-01-05 10:54:19,37330.98,INR,CUST00A81DE9,payment,,success
TXN0000708,2026-01-05 11:43:42,26828.21,INR,CUST2FF3CDE4,payment,,success
TXN0000386,2026-01-05 12:37:15,21650.64,INR,CUSTB5B453CA,payment,,success
TXN0000071,2026-01-05 12:39:32,46325.71,INR,CUST2A45C2AB,payment,,success
TXN0000141,2026-01-05 12:48:14,40939.33,INR,CUSTAFFFCFD2,payment,,success
TXN0000818,2026-01-05 14:24:30,22553.73,INR,CUST8FCA7B6A,refund,TXN0000550,success
TXN0000573,2026-01-05 16:47:37,2625.2,INR,CUST530AC1C7,payment,,success
TXN0000344,2026-01-05 17:14:12,11816.52,INR,CUST085B15FB,payment,,success
TXN0000301,2026-01-05 18:41:40,38042.45,INR,CUST680BAC63,payment,,success
TXN0000484,2026-01-05 19:26:24,41974.9,INR,CUSTF1738856,payment,,success
TXN0000378,2026-01-05 19:33:04,39675.5,INR,CUSTDE8EDE0B,payment,,success
TXN0000238,2026-01-05 19:36:55,47384.75,INR,CUSTC51155FF,payment,,success
TXN0000292,2026-01-05 20:10:21,26344.96,INR,CUST4767D76C,payment,,success
TXN0000291,2026-01-05 20:55:59,43722.1,INR,CUST3ED8C56C,payment,,success
TXN0000221,2026-01-05 21:07:17,41648.16,INR,CUST8F15BA58,payment,,success
TXN0000689,2026-01-05 21:33:11,29737.81,INR,CUST14E4180C,payment,,success
TXN0000191,2026-01-05 22:43:25,34889.93,INR,CUST81D2C7DE,payment,,success
TXN0000011,2026-01-05 23:05:00,4728.02,INR,CUST6C307511,payment,,success
TXN0000773,2026-01-05 23:06:29,6712.1,INR,CUST4CC9F5F2,payment,,success
TXN0000109,2026-01-05 23:45:47,17748.56,INR,CUST7C967F79,payment,,success
TXN0000829,2026-01-05 23:57:12,41455.83,INR,CUST98E52499,refund,TXN0000663,success
TXN0000775,2026-01-06 00:20:41,1410.47,INR,CUST2C913A7C,payment,,success
TXN0000819,2026-01-06 00:33:46,35318.18,INR,CUST1A5165CA,refund,TXN0000609,success
TXN0000095,2026-01-06 00:41:13,46952.61,INR,CUST23E2FCB4,payment,,success
TXN0000259,2026-01-06 01:52:03,42900.88,INR,CUST78660765,payment,,success
TXN0000196,2026-01-06 02:57:42,21732.82,INR,CUST91B0E1D9,payment,,success
TXN0000148,2026-01-06 04:10:59,38943.18,INR,CUSTB4A69F3C,payment,,success
TXN0000316,2026-01-06 04:15:36,11936.56,INR,CUST98C7472A,payment,,success
TXN0000392,2026-01-06 06:05:00,17570.69,INR,CUSTB495DB4E,payment,,success
TXN0000338,2026-01-06 06:13:56,33774.34,INR,CUSTF5C9B047,payment,,success
TXN0000625,2026-01-06 07:15:29,30822.28,INR,CUST98159D6C,payment,,success
TXN0000066,2026-01-06 07:18:27,12507.95,INR,CUST3DA9C2A9,payment,,success
TXN0000033,2026-01-06 07:45:01,7726.78,INR,CUST0E51F30D,payment,,success
TXN0000362,2026-01-06 08:04:24,33086.78,INR,CUST964DB03F,payment,,success
TXN0000490,2026-01-06 09:32:31,38831.01,INR,CUST1DBA1267,payment,,success
TXN0000001,2026-01-06 09:42:36,1348.04,INR,CUSTBDD640FB,payment,,success
TXN0000812,2026-01-06 12:02:40,13496.23,INR,CUST8603156A,refund,TXN0000709,success
TXN0000273,2026-01-06 12:11:30,23126.25,INR,CUSTE87466D7,payment,,success
TXN0000230,2026-01-06 12:55:16,41123.57,INR,CUST709B7D97,payment,,success
TXN0000186,2026-01-06 13:26:25,38911.82,INR,CUSTF0B5156B,payment,,success
TXN0000037,2026-01-06 13:27:44,34117.35,INR,CUST366EB16F,payment,,success
TXN0000393,2026-01-06 13:51:03,38154.02,INR,CUST7B85179A,payment,,success
TXN0000331,2026-01-06 14:10:56,23469.74,INR,CUST15CE6A66,payment,,success
TXN0000122,2026-01-06 14:22:58,43864.22,INR,CUST42C18A62,payment,,success
TXN0000666,2026-01-06 15:25:45,34046.73,INR,CUSTB89F72F3,payment,,success
TXN0000655,2026-01-06 16:47:57,31971.7,INR,CUST4F11D8DC,payment,,success
TXN0000588,2026-01-06 18:25:29,6520.3,INR,CUST6E3F683A,payment,,success
TXN0000054,2026-01-06 20:58:48,12470.49,INR,CUST287D06CA,payment,,success
TXN0000192,2026-01-06 21:02:21,39831.74,INR,CUST5380B904,payment,,success
TXN0000270,2026-01-06 21:28:17,1540.59,INR,CUSTC71D5E60,payment,,success
TXN0000353,2026-01-06 22:19:34,47455.64,INR,CUST9854CE4E,payment,,success
TXN0000388,2026-01-06 22:24:35,20599.35,INR,CUST3985FB62,payment,,success
TXN0000553,2026-01-07 00:39:29,25953.3,INR,CUSTEA74BB18,payment,,success
TXN0000249,2026-01-07 00:52:57,23488.03,INR,CUSTD72B6108,payment,,success
TXN0000557,2026-01-07 01:50:02,31288.62,INR,CUSTD8E7012F,payment,,success
TXN0000356,2026-01-07 02:42:43,39370.21,INR,CUST670ACC5C,payment,,success
TXN0000375,2026-01-07 03:01:25,13823.3,INR,CUST409D3602,payment,,success
TXN0000869,2026-01-07 04:40:26,7965.01,INR,CUST1B2EDEDB,refund,TXN_GHOST004,success
TXN0000171,2026-01-07 04:41:49,49038.03,INR,CUST39118497,payment,,success
TXN0000456,2026-01-07 04:53:25,33538.81,INR,CUSTE726BE23,payment,,success
TXN0000551,2026-01-07 05:31:14,43910.21,INR,CUST692AC139,payment,,success
TXN0000454,2026-01-07 06:14:22,29792.56,INR,CUSTF93E08D5,payment,,success
TXN0000552,2026-01-07 06:20:03,21687.65,INR,CUSTF0EDE303,payment,,success
TXN0000361,2026-01-07 07:27:06,27056.75,INR,CUSTAC9ED156,payment,,success
TXN0000387,2026-01-07 07:35:43,27862.9,INR,CUST03802B70,payment,,success
TXN0000102,2026-01-07 08:24:57,31891.96,INR,CUST680AC07A,payment,,success
TXN0000363,2026-01-07 09:33:42,841.53,INR,CUSTC3C75611,payment,,success
TXN0000091,2026-01-07 10:19:23,46669.64,INR,CUSTA748DBCF,payment,,success
TXN0000657,2026-01-07 11:37:08,23961.28,INR,CUST31274148,payment,,success
TXN0000640,2026-01-07 12:21:15,42567.88,INR,CUST55AB946D,payment,,success
TXN0000676,2026-01-07 13:47:09,38314.8,INR,CUST6B2D5B09,payment,,success
TXN0000323,2026-01-07 15:21:33,31449.58,INR,CUST1A432F0A,payment,,success
TXN0000593,2026-01-07 15:39:32,35708.23,INR,CUST75B27455,payment,,success
TXN0000412,2026-01-07 15:53:24,38231.63,INR,CUSTA6EAB79E,payment,,success
TXN0000629,2026-01-07 16:09:38,358.55,INR,CUST30307633,payment,,success
TXN0000731,2026-01-07 16:11:21,42142.98,INR,CUST0C3CE284,payment,,success
TXN0000160,2026-01-07 17:13:02,7626.45,INR,CUST3C9AD14C,payment,,success
TXN0000160,2026-01-07 17:13:02,7626.45,INR,CUST3C9AD14C,payment,,success
TXN0000342,2026-01-07 18:51:07,2362.81,INR,CUST2812859A,payment,,success
TXN0000648,2026-01-07 19:49:28,23924.96,INR,CUSTB576255E,payment,,success
TXN0000332,2026-01-07 19:59:37,37732.16,INR,CUST8EDDDFCD,payment,,success
TXN0000399,2026-01-07 21:17:45,37074.36,INR,CUSTC9A7D91F,payment,,success
TXN0000495,2026-01-07 23:16:44,14634.47,INR,CUSTE2AA7A5D,payment,,success
TXN0000703,2026-01-08 00:10:55,40308.23,INR,CUSTD6312A80,payment,,success
TXN0000305,2026-01-08 01:36:03,12285.45,INR,CUST6786D506,payment,,success
TXN0000721,2026-01-08 02:00:44,909.37,INR,CUSTAF475B49,payment,,success
TXN0000485,2026-01-08 02:09:35,6966.22,INR,CUST9C2E58DE,payment,,success
TXN0000143,2026-01-08 03:40:47,1318.83,INR,CUSTE87D1C78,payment,,success
TXN0000147,2026-01-08 03:55:59,32837.29,INR,CUST295D6FBF,payment,,success
TXN0000604,2026-01-08 04:10:16,41100.9,INR,CUSTC77444CB,payment,,success
TXN0000246,2026-01-08 05:35:06,45429.73,INR,CUST45DF16B6,payment,,success
TXN0000105,2026-01-08 05:39:38,27324.96,INR,CUST63F2AE24,payment,,success
TXN0000489,2026-01-08 06:12:10,27485.33,INR,CUST0986BBEB,payment,,success
TXN0000825,2026-01-08 08:24:47,49308.25,INR,CUST70CAFDD8,refund,TXN0000674,success
TXN0000232,2026-01-08 08:46:29,7544.96,INR,CUSTE49D681D,payment,,success
TXN0000161,2026-01-08 10:01:51,35350.32,INR,CUSTCCC56569,payment,,success
TXN0000042,2026-01-08 10:04:14,18758.3,INR,CUST956269F0,payment,,success
TXN0000530,2026-01-08 10:46:06,33985.2,INR,CUSTB65FEEA9,payment,,success
TXN0000274,2026-01-08 11:23:21,24968.94,INR,CUSTF1043785,payment,,success
TXN0000294,2026-01-08 11:50:37,3833.93,INR,CUSTAB0E664E,payment,,success
TXN0000346,2026-01-08 12:01:56,44282.15,INR,CUST1238D630,payment,,success
TXN0000110,2026-01-08 12:04:03,46295.61,INR,CUST37BB3EEC,payment,,success
TXN0000391,2026-01-08 12:16:25,32871.14,INR,CUSTEEC259DC,payment,,success
TXN0000077,2026-01-08 12:21:04,9575.9,INR,CUST7394988F,payment,,success
TXN0000461,2026-01-08 12:31:27,3950.54,INR,CUST2303F6C6,payment,,success
TXN0000404,2026-01-08 13:15:49,7954.75,INR,CUST551AC8EA,payment,,success
TXN0000241,2026-01-08 14:22:25,233.52,INR,CUSTF1578470,payment,,success
TXN0000240,2026-01-08 14:59:05,12069.27,INR,CUST9360715F,payment,,success
TXN0000402,2026-01-08 15:23:42,18565.65,INR,CUSTA8F1E091,payment,,success
TXN0000566,2026-01-08 16:10:37,22036.31,INR,CUSTEBE9E207,payment,,success
TXN0000039,2026-01-08 16:16:01,22740.81,INR,CUST24933B83,payment,,success
TXN0000271,2026-01-08 16:31:26,15606.43,INR,CUST4FA03F26,payment,,success
TXN0000103,2026-01-08 20:15:23,37087.42,INR,CUSTDD59BA71,payment,,success
TXN0000758,2026-01-08 21:16:05,28241.51,INR,CUST13AEC376,payment,,success
TXN0000111,2026-01-08 21:19:41,48812.68,INR,CUSTBC594585,payment,,success
TXN0000596,2026-01-08 21:19:42,19708.43,INR,CUST4A1DAB32,payment,,success
TXN0000019,2026-01-08 21:30:20,18572.03,INR,CUSTE2ACF72F,payment,,success
TXN0000022,2026-01-08 22:22:39,23166.78,INR,CUSTFC377A4C,payment,,success
TXN0000840,2026-01-08 23:05:00,4728.02,INR,CUST6C307511,refund,TXN0000011,success
TXN0000329,2026-01-08 23:42:29,12922.81,INR,CUSTAFBB411A,payment,,success
TXN0000074,2026-01-08 23:48:58,19010.76,INR,CUSTB09B2A5C,payment,,success
TXN0000554,2026-01-08 23:50:21,8182.15,INR,CUST49A214AE,payment,,success
TXN0000465,2026-01-09 00:52:01,36087.03,INR,CUSTE8DD5E5A,payment,,success
TXN0000072,2026-01-09 01:45:59,20380.06,INR,CUST9B49BD26,payment,,success
TXN0000522,2026-01-09 02:09:18,34519.26,INR,CUST72C22A16,payment,,success
TXN0000782,2026-01-09 02:48:38,21790.35,INR,CUST65EDCFE3,payment,,success
TXN0000727,2026-01-09 05:12:31,7083.93,INR,CUST4F612217,payment,,success
TXN0000780,2026-01-09 05:29:01,7028.12,INR,CUSTFBA6ABF7,payment,,success
TXN0000307,2026-01-09 06:02:43,8835.96,INR,CUST8DB06746,payment,,success
TXN0000021,2026-01-09 07:23:27,26753.58,INR,CUSTA9488D99,payment,,success
TXN0000559,2026-01-09 07:27:47,32970.77,INR,CUST47503F1D,payment,,success
TXN0000836,2026-01-09 10:37:44,359.24,INR,CUSTAAF78C67,refund,TXN0000771,success
TXN0000635,2026-01-09 11:57:54,20952.46,INR,CUSTFDB1429E,payment,,success
TXN0000645,2026-01-09 12:27:59,30586.63,INR,CUSTA9E27BA9,payment,,success
TXN0000327,2026-01-09 12:38:07,10119.66,INR,CUST1D34D08E,payment,,success
TXN0000149,2026-01-09 12:55:22,40225.08,INR,CUST1CA3C448,payment,,success
TXN0000198,2026-01-09 13:12:51,36716.39,INR,CUST35CE8841,payment,,success
TXN0000123,2026-01-09 16:02:47,29071.43,INR,CUST506E5A9A,payment,,success
TXN0000739,2026-01-09 16:51:39,5440.12,INR,CUST6E3C4532,payment,,success
TXN0000755,2026-01-09 16:57:47,46445.44,INR,CUSTF31046DC,payment,,success
TXN0000205,2026-01-09 19:51:31,24428.74,INR,CUST17E8392A,payment,,success
TXN0000507,2026-01-09 20:22:09,40593.73,INR,CUST0CF2B69B,payment,,success
TXN0000068,2026-01-09 21:46:44,13999.4,INR,CUSTD0E6E660,payment,,success
TXN0000701,2026-01-09 22:14:04,37745.36,INR,CUST3D0A5F0C,payment,,success
TXN0000728,2026-01-09 22:25:52,45853.28,INR,CUSTD0BE73EE,payment,,success
TXN0000766,2026-01-10 00:24:00,34016.77,INR,CUSTFFA623D0,payment,,success
TXN0000082,2026-01-10 00:30:06,3519.21,INR,CUST080AADFB,payment,,success
TXN0000535,2026-01-10 00:45:42,25002.29,INR,CUST98EEAC2B,payment,,success
TXN0000497,2026-01-10 02:14:11,33252.13,INR,CUSTF065C817,payment,,success
TXN0000266,2026-01-10 02:32:58,25970.13,INR,CUST1D48A071,payment,,success
TXN0000576,2026-01-10 05:10:21,38179.76,INR,CUST0CBD3C03,payment,,success
TXN0000062,2026-01-10 05:50:37,4806.86,INR,CUSTEB2263DD,payment,,success
TXN0000278,2026-01-10 06:04:37,46101.22,INR,CUSTCE3714AF,payment,,success
TXN0000606,2026-01-10 06:16:47,1044.97,INR,CUST31A3AC4D,payment,,success
TXN0000512,2026-01-10 06:39:05,14376.93,INR,CUSTC63D04EE,payment,,success
TXN0000219,2026-01-10 07:09:41,10897.59,INR,CUST1F115B76,payment,,success
TXN0000460,2026-01-10 07:42:08,11404.5,INR,CUSTC478F6F1,payment,,success
TXN0000218,2026-01-10 08:22:37,15845.84,INR,CUST8EB22579,payment,,success
TXN0000430,2026-01-10 13:50:17,8757.6,INR,CUSTB4323070,payment,,success
TXN0000245,2026-01-10 14:28:33,21314.43,INR,CUSTE5D6F6E6,payment,,success
TXN0000591,2026-01-10 15:55:09,30162.9,INR,CUST5AAAB32F,payment,,success
TXN0000315,2026-01-10 16:06:16,49968.74,INR,CUST96EF2AD6,payment,,success
TXN0000182,2026-01-10 16:16:19,41977.52,INR,CUST1D9AF659,payment,,success
TXN0000473,2026-01-10 16:39:52,40082.84,INR,CUST77E490C7,payment,,success
TXN0000544,2026-01-10 18:09:32,39624.08,INR,CUST4140752C,payment,,success
TXN0000086,2026-01-10 21:58:45,33519.33,INR,CUST93829B43,payment,,success
TXN0000839,2026-01-10 23:45:47,17748.56,INR,CUST7C967F79,refund,TXN0000109,success
TXN0000814,2026-01-11 01:50:02,31288.62,INR,CUSTD8E7012F,refund,TXN0000557,success
TXN0000828,2026-01-11 04:41:49,49038.03,INR,CUST39118497,refund,TXN0000171,success
TXN0000098,2026-01-11 05:24:04,35908.85,INR,CUSTDB20A56E,payment,,success
TXN0000562,2026-01-11 05:36:34,38371.25,INR,CUSTACCB461A,payment,,success
TXN0000026,2026-01-11 05:48:46,45665.49,INR,CUSTAB9099A4,payment,,success
TXN0000239,2026-01-11 05:51:43,13305.84,INR,CUST05000BC6,payment,,success
TXN0000752,2026-01-11 06:19:07,45073.52,INR,CUSTAD973B67,payment,,success
TXN0000051,2026-01-11 06:45:46,46452.78,INR,CUST1D53434B,payment,,success
TXN0000713,2026-01-11 06:46:26,46864.27,INR,CUST0B251279,payment,,success
TXN0000803,2026-01-11 07:35:43,27862.9,INR,CUST03802B70,refund,TXN0000387,success
TXN0000027,2026-01-11 07:43:40,32806.39,INR,CUSTAEFCFAD8,payment,,success
TXN0000139,2026-01-11 08:58:48,25607.58,INR,CUST27CB6F2A,payment,,success
TXN0000073,2026-01-11 09:02:01,43246.05,INR,CUSTEDCD465E,payment,,success
TXN0000580,2026-01-11 10:39:41,29208.87,INR,CUST585D3F86,payment,,success
TXN0000010,2026-01-11 10:51:31,47864.93,INR,CUSTC241330B,payment,,success
TXN0000358,2026-01-11 11:36:05,40671.34,INR,CUST9918EE46,payment,,success
TXN0000733,2026-01-11 14:49:36,25336.07,INR,CUST6FDC0BAD,payment,,success
TXN0000322,2026-01-11 15:09:31,31867.23,INR,CUSTA34B6CF6,payment,,success
TXN0000056,2026-01-11 16:34:18,458.82,INR,CUSTF8CDA88B,payment,,success
TXN0000007,2026-01-11 16:49:54,22515.53,INR,CUSTB74D0FB1,payment,,success
TXN0000340,2026-01-11 17:54:41,32417.85,INR,CUST43BFD931,payment,,success
TXN0000116,2026-01-11 19:09:14,10058.68,INR,CUST118A9D29,payment,,success
TXN0000118,2026-01-11 19:43:29,1280.86,INR,CUSTF10C718B,payment,,success
TXN0000222,2026-01-12 01:02:13,18107.97,INR,CUSTC1581092,payment,,success
TXN0000300,2026-01-12 01:02:26,37363.64,INR,CUST30E912F2,payment,,success
TXN0000057,2026-01-12 02:44:11,3463.28,INR,CUST81F76D1C,payment,,success
TXN0000723,2026-01-12 03:59:28,19054.0,INR,CUST2285B2EF,payment,,success
TXN0000321,2026-01-12 04:06:26,30392.54,INR,CUST4AC9778D,payment,,success
TXN0000309,2026-01-12 06:31:08,23111.38,INR,CUST5A104129,payment,,success
TXN0000005,2026-01-12 07:04:10,25317.23,INR,CUST17FC695A,payment,,success
TXN0000627,2026-01-12 07:16:27,2719.31,INR,CUSTBD29EDE9,payment,,success
TXN0000468,2026-01-12 08:37:59,26747.16,INR,CUST5DA8D6D2,payment,,success
TXN0000693,2026-01-12 08:49:04,40807.73,INR,CUSTEADA79A3,payment,,success
TXN0000299,2026-01-12 09:31:37,31594.93,INR,CUST8E485223,payment,,success
TXN0000083,2026-01-12 10:01:56,20248.4,INR,CUST839FBC50,payment,,success
TXN0000482,2026-01-12 10:42:04,19369.69,INR,CUST5F18E583,payment,,success
TXN0000429,2026-01-12 11:16:23,5229.95,INR,CUSTFA745761,payment,,success
TXN0000868,2026-01-12 11:36:08,23221.0,INR,CUSTC2BAF0E0,refund,TXN_GHOST003,success
TXN0000183,2026-01-12 13:55:30,6398.43,INR,CUST30A900AD,payment,,success
TXN0000087,2026-01-12 14:05:21,13354.16,INR,CUST7914C120,payment,,success
TXN0000286,2026-01-12 14:13:43,28632.7,INR,CUST2D174FC9,payment,,success
TXN0000157,2026-01-12 14:44:29,13802.41,INR,CUST5A8AAECA,payment,,success
TXN0000866,2026-01-12 14:56:15,20384.98,INR,CUST51BEB80E,refund,TXN_GHOST001,success
TXN0000046,2026-01-12 14:58:55,2990.47,INR,CUST28F49481,payment,,success
TXN0000308,2026-01-12 16:35:13,24933.6,INR,CUSTFF233D5F,payment,,success
TXN0000702,2026-01-12 16:44:53,42482.11,INR,CUST9F708368,payment,,success
TXN0000626,2026-01-12 18:29:02,2633.19,INR,CUST949077C2,payment,,success
TXN0000706,2026-01-12 18:57:02,12824.28,INR,CUST4A90CD0C,payment,,success
TXN0000061,2026-01-12 19:06:44,39252.51,INR,CUSTF4188F3F,payment,,success
TXN0000423,2026-01-12 19:29:03,21840.26,INR,CUST889B78D5,payment,,success
TXN0000092,2026-01-12 20:36:43,18539.4,INR,CUST0F844FEF,payment,,success
TXN0000002,2026-01-12 21:19:10,11238.22,INR,CUST23B8C1E9,payment,,success
TXN0000768,2026-01-12 23:08:05,35684.12,INR,CUST2C33350C,payment,,success
TXN0000029,2026-01-12 23:20:30,37274.95,INR,CUST3EABEDCB,payment,,success
TXN0000660,2026-01-13 00:19:05,34049.06,INR,CUST8A2E6A93,payment,,success
TXN0000685,2026-01-13 00:22:20,23085.2,INR,CUSTE916DA57,payment,,success
TXN0000534,2026-01-13 02:49:07,48029.95,INR,CUSTB64FA54A,payment,,success
TXN0000474,2026-01-13 03:16:29,2703.77,INR,CUSTC1101266,payment,,success
TXN0000314,2026-01-13 03:23:07,22896.11,INR,CUSTBD1531C8,payment,,success
TXN0000178,2026-01-13 05:55:03,41762.05,INR,CUST94A1875D,payment,,success
TXN0000229,2026-01-13 06:09:31,47059.07,INR,CUST7C0E8CD8,payment,,success
TXN0000671,2026-01-13 08:27:50,40841.02,INR,CUSTF7315749,payment,,success
TXN0000128,2026-01-13 08:46:23,2314.89,INR,CUST19985F15,payment,,success
TXN0000185,2026-01-13 10:32:43,38368.22,INR,CUSTCE777F00,payment,,success
TXN0000813,2026-01-13 11:16:23,5229.95,INR,CUSTFA745761,refund,TXN0000429,success
TXN0000643,2026-01-13 11:44:07,35958.05,INR,CUSTF6E39356,payment,,success
TXN0000725,2026-01-13 11:48:26,38191.7,INR,CUST339B77A8,payment,,success
TXN0000206,2026-01-13 13:00:08,17082.91,INR,CUST3C20592F,payment,,success
TXN0000801,2026-01-13 14:49:36,25336.07,INR,CUST6FDC0BAD,refund,TXN0000733,success
TXN0000652,2026-01-13 16:43:53,32718.8,INR,CUSTFF4625AF,payment,,success
TXN0000099,2026-01-13 19:33:48,25319.91,INR,CUSTA6F2F7B8,payment,,success
TXN0000335,2026-01-13 20:06:59,26874.96,INR,CUSTE893BE3D,payment,,success
TXN0000096,2026-01-13 20:07:30,5859.89,INR,CUST766ECB15,payment,,success
TXN0000050,2026-01-13 20:48:48,26430.92,INR,CUSTF143262F,payment,,success
TXN0000075,2026-01-13 20:59:02,46333.25,INR,CUST66245BFA,payment,,success
TXN0000114,2026-01-13 22:51:04,8043.97,INR,CUST87F7E1FB,payment,,success
TXN0000020,2026-01-13 23:03:06,35120.83,INR,CUST3139D32C,payment,,success
TXN0000268,2026-01-13 23:08:35,27506.06,INR,CUST5E6FEA07,payment,,success
TXN0000742,2026-01-13 23:27:21,39767.32,INR,CUST4BAF0F5E,payment,,success
TXN0000395,2026-01-13 23:35:57,1544.76,INR,CUST30CBD755,payment,,success
TXN0000572,2026-01-13 23:37:37,22534.84,INR,CUST284BF962,payment,,success
TXN0000769,2026-01-14 00:12:36,7795.63,INR,CUSTFF4C96D6,payment,,success
TXN0000781,2026-01-14 00:42:59,24706.88,INR,CUSTE25DF9A8,payment,,success
TXN0000254,2026-01-14 02:00:11,28854.72,INR,CUST2E85CB21,payment,,success
TXN0000753,2026-01-14 03:50:55,2423.44,INR,CUST20509C62,payment,,success
TXN0000641,2026-01-14 05:52:41,9721.29,INR,CUST8ED6AD5E,payment,,success
TXN0000407,2026-01-14 06:15:44,10856.89,INR,CUST3D225C30,payment,,success
TXN0000224,2026-01-14 07:35:45,2371.23,INR,CUST6D3EE1DC,payment,,success
TXN0000805,2026-01-14 07:42:08,11404.5,INR,CUSTC478F6F1,refund,TXN0000460,success
TXN0000319,2026-01-14 07:47:34,504.09,INR,CUSTB540B30E,payment,,success
TXN0000436,2026-01-14 08:01:04,29611.85,INR,CUST2E183554,payment,,success
TXN0000696,2026-01-14 08:34:39,3141.79,INR,CUSTE7E646C7,payment,,success
TXN0000686,2026-01-14 09:09:18,9505.17,INR,CUSTE27718C5,payment,,success
TXN0000220,2026-01-14 10:08:43,36256.79,INR,CUST76F2DBFE,payment,,success
TXN0000101,2026-01-14 10:21:20,2299.93,INR,CUSTC0E9AB30,payment,,success
TXN0000360,2026-01-14 11:02:54,42934.47,INR,CUST069F14F1,payment,,success
TXN0000156,2026-01-14 11:05:28,38314.1,INR,CUSTAE9BEC36,payment,,success
TXN0000256,2026-01-14 12:04:33,9156.31,INR,CUST56666F9F,payment,,success
TXN0000177,2026-01-14 12:11:32,37625.29,INR,CUSTE08596DB,payment,,success
TXN0000059,2026-01-14 12:26:58,33481.99,INR,CUST81F631D4,payment,,success
TXN0000202,2026-01-14 12:58:29,44093.4,INR,CUSTF5B78CC7,payment,,success
TXN0000615,2026-01-14 13:03:57,27948.52,INR,CUSTE1CDE87F,payment,,success
TXN0000120,2026-01-14 13:12:15,17622.19,INR,CUST14FCDD54,payment,,success
TXN0000754,2026-01-14 14:39:29,44975.65,INR,CUSTA52964FF,payment,,success
TXN0000716,2026-01-14 17:47:16,19095.02,INR,CUST3DBA6DA8,payment,,success
TXN0000451,2026-01-14 19:03:18,12674.59,INR,CUST059DD55D,payment,,success
TXN0000076,2026-01-14 20:20:21,21208.07,INR,CUST5F987C71,payment,,success
TXN0000158,2026-01-14 20:53:50,11801.23,INR,CUSTDFED2C43,payment,,success
TXN0000582,2026-01-14 20:55:15,26880.87,INR,CUST86E52753,payment,,success
TXN0000439,2026-01-14 22:28:08,3928.88,INR,CUST9549C931,payment,,success
TXN0000619,2026-01-14 23:17:56,6181.52,INR,CUSTA1A27485,payment,,success
TXN0000243,2026-01-14 23:39:59,35377.1,INR,CUSTD5F25073,payment,,success
TXN0000621,2026-01-15 02:24:06,2199.12,INR,CUST12FE28BF,payment,,success
TXN0000304,2026-01-15 05:47:53,17987.32,INR,CUST046A0DF5,payment,,success
TXN0000212,2026-01-15 06:48:33,11157.66,INR,CUST624C69B6,payment,,success
TXN0000326,2026-01-15 07:49:42,16403.28,INR,CUST40A26C60,payment,,success
TXN0000330,2026-01-15 07:51:52,37353.31,INR,CUSTCFA701CD,payment,,success
TXN0000722,2026-01-15 07:55:26,7705.33,INR,CUST7A8104DE,payment,,success
TXN0000236,2026-01-15 10:26:29,43022.32,INR,CUST7746D0BA,payment,,success
TXN0000565,2026-01-15 10:32:08,22731.85,INR,CUST45F50C52,payment,,success
TXN0000616,2026-01-15 10:44:45,38581.6,INR,CUSTFC8D5B93,payment,,success
TXN0000041,2026-01-15 11:42:48,42099.3,INR,CUSTBF3C4C06,payment,,success
TXN0000313,2026-01-15 12:32:23,31983.04,INR,CUSTB0AE8F08,payment,,success
TXN0000783,2026-01-15 13:14:12,24263.14,INR,CUST7A89CBEB,payment,,success
TXN0000542,2026-01-15 13:28:29,42582.97,INR,CUST66132E69,payment,,success
TXN0000745,2026-01-15 13:29:44,34233.68,INR,CUSTBA108217,payment,,success
TXN0000088,2026-01-15 13:31:18,22915.51,INR,CUST1825BC54,payment,,success
TXN0000132,2026-01-15 13:54:02,25405.41,INR,CUST702CDD20,payment,,success
TXN0000790,2026-01-15 14:01:56,16101.19,INR,CUST21084DD9,payment,,success
TXN0000491,2026-01-15 14:51:59,6180.23,INR,CUST899CA782,payment,,success
TXN0000651,2026-01-15 15:47:32,29164.79,INR,CUSTB3ECB951,payment,,success
TXN0000564,2026-01-15 15:57:54,24198.95,INR,CUSTB18753E6,payment,,success
TXN0000341,2026-01-15 16:04:37,32497.05,INR,CUST3D67CDE9,payment,,success
TXN0000800,2026-01-15 16:49:32,12176.86,INR,CUST9780C215,payment,,success
TXN0000712,2026-01-15 17:14:22,47855.29,INR,CUST0534A101,payment,,success
TXN0000137,2026-01-15 18:02:23,14416.99,INR,CUSTE0CCEDC5,payment,,success
TXN0000343,2026-01-15 18:36:37,49796.78,INR,CUSTB07AA066,payment,,success
TXN0000237,2026-01-15 19:47:37,28474.61,INR,CUSTD5385B0E,payment,,success
TXN0000213,2026-01-15 20:45:21,33231.61,INR,CUST25C73C44,payment,,success
TXN0000521,2026-01-15 21:05:36,22351.2,INR,CUST1D181EE9,payment,,success
TXN0000217,2026-01-15 21:14:30,12645.04,INR,CUSTB227462C,payment,,success
TXN0000654,2026-01-15 21:27:19,8069.87,INR,CUST822C4D32,payment,,success
TXN0000670,2026-01-15 23:02:36,36191.68,INR,CUST3BE79DF4,payment,,success
TXN0000717,2026-01-15 23:20:16,13151.93,INR,CUST1A89B71E,payment,,success
TXN0000847,2026-01-15 23:37:37,22534.84,INR,CUST284BF962,refund,TXN0000572,success
TXN0000324,2026-01-15 23:55:58,39451.66,INR,CUST48CA7651,payment,,success
TXN0000396,2026-01-15 23:59:35,46084.72,INR,CUSTBF0D073D,payment,,success
TXN0000455,2026-01-16 00:41:20,27990.21,INR,CUSTBEC39A37,payment,,success
TXN0000142,2026-01-16 01:39:53,11309.57,INR,CUST81627CF1,payment,,success
TXN0000187,2026-01-16 02:23:11,5494.13,INR,CUST3270E4FA,payment,,success
TXN0000052,2026-01-16 03:10:32,20009.72,INR,CUSTC0398710,payment,,success
TXN0000188,2026-01-16 03:27:23,28832.26,INR,CUSTF2E9702D,payment,,success
TXN0000383,2026-01-16 04:08:42,21395.52,INR,CUST49BC473F,payment,,success
TXN0000568,2026-01-16 04:11:06,43088.11,INR,CUSTA847BCE7,payment,,success
TXN0000720,2026-01-16 04:34:50,20755.12,INR,CUSTA48E40F1,payment,,success
TXN0000418,2026-01-16 04:44:31,28830.38,INR,CUSTDEF57689,payment,,success
TXN0000079,2026-01-16 05:22:33,2952.55,INR,CUST8DCDCD03,payment,,success
TXN0000131,2026-01-16 05:44:17,33203.04,INR,CUST3E896C64,payment,,success
TXN0000025,2026-01-16 07:31:45,20118.12,INR,CUST29A3B2E9,payment,,success
TXN0000510,2026-01-16 07:41:44,46675.21,INR,CUST8DE08FC2,payment,,success
TXN0000434,2026-01-16 08:19:42,7632.77,INR,CUST6E417D47,payment,,success
TXN0000297,2026-01-16 08:56:13,31377.28,INR,CUST4223623B,payment,,success
TXN0000571,2026-01-16 11:47:49,12162.72,INR,CUST604E46CB,payment,,success
TXN0000792,2026-01-16 11:49:20,14643.26,INR,CUST84A2576C,payment,,success
TXN0000159,2026-01-16 12:29:19,44662.04,INR,CUSTBFDDC3D9,payment,,success
TXN0000719,2026-01-16 13:05:55,45725.09,INR,CUST5A304528,payment,,success
TXN0000694,2026-01-16 13:36:06,11921.51,INR,CUSTD4C3A832,payment,,success
TXN0000632,2026-01-16 14:11:14,14342.23,INR,CUSTD65E59DD,payment,,success
TXN0000442,2026-01-16 14:36:20,30289.79,INR,CUST771AD655,payment,,success
TXN0000807,2026-01-16 14:51:59,6180.23,INR,CUST899CA782,refund,TXN0000491,success
TXN0000374,2026-01-16 15:17:14,30454.04,INR,CUST0964FBBF,payment,,success
TXN0000138,2026-01-16 15:26:51,23302.91,INR,CUSTE3C43657,payment,,success
TXN0000201,2026-01-16 15:30:43,42600.49,INR,CUST82DC4C8E,payment,,success
TXN0000263,2026-01-16 16:38:28,5884.49,INR,CUST07F194F9,payment,,success
TXN0000364,2026-01-16 17:13:15,887.48,INR,CUST9384EC2B,payment,,success
TXN0000044,2026-01-16 17:40:09,24481.42,INR,CUST7E570DDF,payment,,success
TXN0000837,2026-01-16 17:54:41,32417.85,INR,CUST43BFD931,refund,TXN0000340,success
TXN0000133,2026-01-16 20:01:50,20179.78,INR,CUST4D71C366,payment,,success
TXN0000763,2026-01-16 20:15:22,1578.32,INR,CUST1E2595B8,payment,,success
TXN0000176,2026-01-16 20:48:10,16941.28,INR,CUST54C63CD8,payment,,success
TXN0000575,2026-01-16 21:29:25,46694.2,INR,CUST27D415B6,payment,,success
TXN0000595,2026-01-16 22:06:28,46575.3,INR,CUST67884209,payment,,success
TXN0000665,2026-01-16 22:17:05,42738.85,INR,CUST9FEEFDFF,payment,,success
TXN0000413,2026-01-16 22:17:24,6087.22,INR,CUSTF6FEBC0E,payment,,success
TXN0000359,2026-01-16 22:47:58,38740.99,INR,CUSTBC0A6A5D,payment,,success
TXN0000628,2026-01-17 00:49:11,35896.17,INR,CUSTE8B77F7B,payment,,success
TXN0000058,2026-01-17 00:58:37,3635.78,INR,CUSTA013AC6E,payment,,success
TXN0000642,2026-01-17 01:16:29,8208.46,INR,CUST4082CBB9,payment,,success
TXN0000513,2026-01-17 02:43:13,13733.51,INR,CUST989240AC,payment,,success
TXN0000504,2026-01-17 03:24:44,6757.14,INR,CUSTF2F25EEF,payment,,success
TXN0000452,2026-01-17 04:23:41,4166.95,INR,CUST6553867D,payment,,success
TXN0000639,2026-01-17 06:21:08,14299.63,INR,CUST0D67D38E,payment,,success
TXN0000597,2026-01-17 07:54:12,25415.02,INR,CUSTF758DCE2,payment,,success
TXN0000204,2026-01-17 07:55:49,1532.13,INR,CUSTA9F25336,payment,,success
TXN0000463,2026-01-17 08:21:32,43832.0,INR,CUSTC9E26074,payment,,success
TXN0000644,2026-01-17 08:45:50,39559.31,INR,CUST267EDDCE,payment,,success
TXN0000055,2026-01-17 09:53:53,1149.61,INR,CUSTB8DB0672,payment,,success
TXN0000295,2026-01-17 10:27:08,31200.64,INR,CUST7E8ADEE7,payment,,success
TXN0000425,2026-01-17 11:33:41,11156.45,INR,CUST7CEA2045,payment,,success
TXN0000280,2026-01-17 11:59:00,46718.99,INR,CUST8861FE18,payment,,success
TXN0000038,2026-01-17 12:19:59,5666.45,INR,CUSTE27A984D,payment,,success
TXN0000817,2026-01-17 13:05:55,45725.09,INR,CUST5A304528,refund,TXN0000719,success
TXN0000459,2026-01-17 14:08:49,47388.65,INR,CUST402913EC,payment,,success
TXN0000831,2026-01-17 14:58:55,2990.47,INR,CUST28F49481,refund,TXN0000046,success
TXN0000698,2026-01-17 17:16:20,47085.16,INR,CUSTF0B2A5D1,payment,,success
TXN0000503,2026-01-17 17:43:26,12132.18,INR,CUST46A02A9B,payment,,success
TXN0000408,2026-01-17 18:09:19,21552.69,INR,CUSTDB23AA8C,payment,,success
TXN0000569,2026-01-17 18:23:09,48771.17,INR,CUSTBDB025FF,payment,,success
TXN0000125,2026-01-17 18:45:16,36454.4,INR,CUST750CAB75,payment,,success
TXN0000555,2026-01-17 19:08:45,47379.41,INR,CUST1A85910D,payment,,success
TXN0000622,2026-01-17 19:32:33,46208.08,INR,CUST09A0A0F6,payment,,success
TXN0000804,2026-01-17 20:20:21,21208.07,INR,CUST5F987C71,refund,TXN0000076,success
TXN0000193,2026-01-17 20:31:18,26683.99,INR,CUST8DEDF9FB,payment,,success
TXN0000541,2026-01-17 20:46:47,35506.07,INR,CUST69EFAFB1,payment,,success
TXN0000680,2026-01-17 21:10:52,6019.8,INR,CUSTEF2DDCC4,payment,,success
TXN0000258,2026-01-17 21:24:14,20476.57,INR,CUST6BEBAC31,payment,,success
TXN0000117,2026-01-17 23:22:53,15329.02,INR,CUSTDCA02EEC,payment,,success
TXN0000453,2026-01-17 23:34:14,15580.56,INR,CUSTDD750E98,payment,,success
TXN0000180,2026-01-17 23:44:00,11288.69,INR,CUST587EF344,payment,,success
TXN0000428,2026-01-18 01:03:39,36396.22,INR,CUST3A3C8A71,payment,,success
TXN0000390,2026-01-18 01:41:51,5269.67,INR,CUSTA5D04D53,payment,,success
TXN0000166,2026-01-18 01:49:43,15000.77,INR,CUST28C13091,payment,,success
TXN0000216,2026-01-18 01:53:20,35172.46,INR,CUST3805F907,payment,,success
TXN0000496,2026-01-18 03:03:37,12104.16,INR,CUSTD56CE8EA,payment,,success
TXN0000063,2026-01-18 04:47:11,21236.57,INR,CUST7D154385,payment,,success
TXN0000108,2026-01-18 08:52:40,10582.82,INR,CUSTC88A618E,payment,,success
TXN0000012,2026-01-18 10:14:28,42389.97,INR,CUST371ECD7B,payment,,success
TXN0000841,2026-01-18 10:21:20,2299.93,INR,CUSTC0E9AB30,refund,TXN0000101,success
TXN0000815,2026-01-18 12:19:59,5666.45,INR,CUSTE27A984D,refund,TXN0000038,success
TXN0000784,2026-01-18 12:44:27,12659.82,INR,CUST68D0A2A8,payment,,success
TXN0000543,2026-01-18 13:10:08,25486.91,INR,CUST50032B35,payment,,success
TXN0000015,2026-01-18 13:20:07,28909.87,INR,CUST43B7A3A6,payment,,success
TXN0000821,2026-01-18 13:31:18,22915.51,INR,CUST1825BC54,refund,TXN0000088,success
TXN0000834,2026-01-18 13:36:06,11921.51,INR,CUSTD4C3A832,refund,TXN0000694,success
TXN0000031,2026-01-18 13:45:23,11044.11,INR,CUSTB02B61C4,payment,,success
TXN0000586,2026-01-18 14:22:14,27705.82,INR,CUSTC3A00C6F,payment,,success
TXN0000458,2026-01-18 14:27:24,15512.42,INR,CUST3810AE66,payment,,success
TXN0000350,2026-01-18 14:33:35,5057.8,INR,CUST398D1CA6,payment,,success
TXN0000045,2026-01-18 14:54:11,43948.22,INR,CUSTDC713D96,payment,,success
TXN0000526,2026-01-18 15:17:17,25702.99,INR,CUSTA8ADDF36,payment,,success
TXN0000447,2026-01-18 15:58:18,18705.31,INR,CUST4D57D880,payment,,success
TXN0000130,2026-01-18 16:20:55,21621.74,INR,CUST5958A499,payment,,success
TXN0000325,2026-01-18 17:05:38,36644.75,INR,CUST5738811D,payment,,success
TXN0000795,2026-01-18 17:16:26,5783.0,INR,CUST84D67C4F,payment,,success
TXN0000584,2026-01-18 18:09:42,38216.45,INR,CUST0E0630CD,payment,,success
TXN0000529,2026-01-18 18:48:12,18171.31,INR,CUST6D204496,payment,,success
TXN0000656,2026-01-18 20:13:10,30769.81,INR,CUST577BC55A,payment,,success
TXN0000470,2026-01-18 20:33:56,33947.51,INR,CUSTE9FF1CAE,payment,,success
TXN0000599,2026-01-18 21:10:04,16628.86,INR,CUSTB08A4895,payment,,success
TXN0000336,2026-01-18 21:26:00,33674.14,INR,CUST96A9954F,payment,,success
TXN0000570,2026-01-18 23:42:38,25797.51,INR,CUST177D6E7E,payment,,success
TXN0000475,2026-01-19 00:29:36,27771.58,INR,CUSTAD238D36,payment,,success
TXN0000531,2026-01-19 01:25:37,22252.57,INR,CUSTE63658C9,payment,,success
TXN0000743,2026-01-19 02:38:11,47968.96,INR,CUSTB7B8C1A5,payment,,success
TXN0000658,2026-01-19 03:18:16,20850.7,INR,CUST27AA7CBC,payment,,success
TXN0000384,2026-01-19 04:05:32,47684.27,INR,CUST7C16128D,payment,,success
TXN0000677,2026-01-19 04:16:42,49643.54,INR,CUST331F63FB,payment,,success
TXN0000483,2026-01-19 04:48:17,11304.48,INR,CUST78B2B549,payment,,success
TXN0000679,2026-01-19 05:39:31,4104.47,INR,CUST7B07FD31,payment,,success
TXN0000794,2026-01-19 06:08:10,14086.98,INR,CUST39B86BB2,payment,,success
TXN0000401,2026-01-19 06:17:53,21049.64,INR,CUSTD664D264,payment,,success
TXN0000464,2026-01-19 06:54:37,7797.21,INR,CUST5D678BB1,payment,,success
TXN0000747,2026-01-19 07:26:03,27679.8,INR,CUSTA3B442BD,payment,,success
TXN0000808,2026-01-19 07:54:12,25415.02,INR,CUSTF758DCE2,refund,TXN0000597,success
TXN0000802,2026-01-19 08:19:42,7632.77,INR,CUST6E417D47,refund,TXN0000434,success
TXN0000014,2026-01-19 09:01:28,4032.13,INR,CUST5BE6128E,payment,,success
TXN0000175,2026-01-19 09:41:16,16434.9,INR,CUSTADF4E62D,payment,,success
TXN0000135,2026-01-19 09:44:10,33898.17,INR,CUSTAAF91531,payment,,success
TXN0000788,2026-01-19 10:36:13,40223.42,INR,CUSTD43CDD6D,payment,,success
TXN0000018,2026-01-19 10:52:44,13970.88,INR,CUST4B0DBB41,payment,,success
TXN0000376,2026-01-19 11:47:08,49731.93,INR,CUSTC5C5B37A,payment,,success
TXN0000337,2026-01-19 11:55:36,41138.62,INR,CUST9191B363,payment,,success
TXN0000288,2026-01-19 12:09:59,19365.33,INR,CUSTEB6C1016,payment,,success
TXN0000035,2026-01-19 12:37:07,29834.83,INR,CUST10F1BC81,payment,,success
TXN0000115,2026-01-19 13:41:36,43621.12,INR,CUST82010C62,payment,,success
TXN0000146,2026-01-19 15:22:02,24769.42,INR,CUST217D65A0,payment,,success
TXN0000127,2026-01-19 16:47:06,44985.29,INR,CUST9F044AED,payment,,success
TXN0000777,2026-01-19 16:50:04,715.8,INR,CUSTCAC4D0EB,payment,,success
TXN0000587,2026-01-19 18:07:44,25262.35,INR,CUST1EB74B56,payment,,success
TXN0000515,2026-01-19 18:28:25,17017.93,INR,CUST8A4B8F7C,payment,,success
TXN0000501,2026-01-19 18:44:57,49053.87,INR,CUST5E09A9EE,payment,,success
TXN0000448,2026-01-19 19:22:22,20497.59,INR,CUSTDA743152,payment,,success
TXN0000778,2026-01-19 19:49:09,38980.54,INR,CUST7E7838C9,payment,,success
TXN0000345,2026-01-19 20:48:18,22736.82,INR,CUST48603B32,payment,,success
TXN0000164,2026-01-19 21:46:24,45251.44,INR,CUST696608AA,payment,,success
TXN0000770,2026-01-19 21:56:33,15902.24,INR,CUSTF7B217C7,payment,,success
TXN0000500,2026-01-19 22:54:41,43679.24,INR,CUST5CD8FE1A,payment,,success
TXN0000830,2026-01-20 00:49:11,35896.17,INR,CUSTE8B77F7B,refund,TXN0000628,success
TXN0000589,2026-01-20 02:55:51,18722.6,INR,CUST88575117,payment,,success
TXN0000172,2026-01-20 03:04:00,29635.45,INR,CUST6601DDD0,payment,,success
TXN0000620,2026-01-20 03:39:49,40937.04,INR,CUST97674900,payment,,success
TXN0000715,2026-01-20 06:06:35,45764.81,INR,CUST5B6A8102,payment,,success
TXN0000189,2026-01-20 06:08:09,47079.38,INR,CUST9F871CE7,payment,,success
TXN0000333,2026-01-20 07:01:04,48366.76,INR,CUST989BC4DA,payment,,success
TXN0000533,2026-01-20 07:44:35,15787.83,INR,CUST9FD34579,payment,,success
TXN0000757,2026-01-20 08:02:54,46450.86,INR,CUST5EF787B8,payment,,success
TXN0000119,2026-01-20 08:14:47,16480.27,INR,CUST94340A03,payment,,success
TXN0000382,2026-01-20 08:33:15,20857.88,INR,CUST445DCC38,payment,,success
TXN0000261,2026-01-20 10:33:38,40696.95,INR,CUST39669FA7,payment,,success
TXN0000647,2026-01-20 11:00:16,33495.87,INR,CUSTA981B098,payment,,success
TXN0000691,2026-01-20 12:40:23,22004.24,INR,CUSTB6F6DBF1,payment,,success
TXN0000250,2026-01-20 12:57:23,47139.54,INR,CUSTFB10987F,payment,,success
TXN0000170,2026-01-20 15:03:47,36236.65,INR,CUSTD20EAC17,payment,,success
TXN0000827,2026-01-20 17:13:15,887.48,INR,CUST9384EC2B,refund,TXN0000364,success
TXN0000630,2026-01-20 18:04:53,32679.35,INR,CUST80599B93,payment,,success
TXN0000700,2026-01-20 19:39:23,7545.96,INR,CUST3CD5FD7F,payment,,success
TXN0000799,2026-01-20 20:41:04,33681.58,INR,CUST17EAEC83,payment,,success
TXN0000820,2026-01-20 21:27:19,8069.87,INR,CUST822C4D32,refund,TXN0000654,success
TXN0000848,2026-01-20 22:06:28,46575.3,INR,CUST67884209,refund,TXN0000595,success
TXN0000608,2026-01-20 22:07:27,25140.79,INR,CUSTA53BC024,payment,,success
TXN0000287,2026-01-20 22:35:15,2278.0,INR,CUSTA6846099,payment,,success
TXN0000466,2026-01-20 22:41:05,18278.54,INR,CUST6A5E6920,payment,,success
TXN0000260,2026-01-20 23:36:04,34714.32,INR,CUST0D557B61,payment,,success
TXN0000113,2026-01-20 23:40:50,40131.53,INR,CUST7A0ECFEA,payment,,success
TXN0000112,2026-01-21 00:21:28,1336.84,INR,CUST504867BA,payment,,success
TXN0000381,2026-01-21 02:07:39,17012.69,INR,CUST71299889,payment,,success
TXN0000162,2026-01-21 03:21:22,20439.21,INR,CUST698C206F,payment,,success
TXN0000481,2026-01-21 03:23:23,2757.52,INR,CUST618AE305,payment,,success
TXN0000163,2026-01-21 04:24:43,3207.06,INR,CUSTECAB3301,payment,,success
TXN0000600,2026-01-21 05:18:16,29226.74,INR,CUST6FCC57DD,payment,,success
TXN0000419,2026-01-21 06:38:55,14546.81,INR,CUST1327F1BC,payment,,success
TXN0000574,2026-01-21 07:09:44,12488.69,INR,CUST98A21F1C,payment,,success
TXN0000607,2026-01-21 07:54:51,7656.42,INR,CUST59E1AC09,payment,,success
TXN0000167,2026-01-21 08:11:42,26957.21,INR,CUST61EE411A,payment,,success
TXN0000492,2026-01-21 09:07:55,31983.69,INR,CUST5EFA9C5B,payment,,success
TXN0000034,2026-01-21 11:51:07,29860.81,INR,CUSTCE177B4E,payment,,success
TXN0000009,2026-01-21 12:22:53,17078.5,INR,CUST47378190,payment,,success
TXN0000457,2026-01-21 13:18:15,25473.58,INR,CUST3AE909FE,payment,,success
TXN0000518,2026-01-21 14:34:40,4038.46,INR,CUSTC9D6A63B,payment,,success
TXN0000215,2026-01-21 15:44:52,49831.91,INR,CUSTE2ADD909,payment,,success
TXN0000372,2026-01-21 16:38:41,34336.27,INR,CUST7ED70ED7,payment,,success
TXN0000697,2026-01-21 17:43:29,27836.95,INR,CUST3735262D,payment,,success
TXN0000646,2026-01-21 18:18:37,25812.5,INR,CUST4F6B58C8,payment,,success
TXN0000030,2026-01-21 19:09:41,44901.36,INR,CUST451B4CF3,payment,,success
TXN0000394,2026-01-21 19:57:07,42273.24,INR,CUST74EFF545,payment,,success
TXN0000380,2026-01-21 21:04:04,22632.59,INR,CUST9F64EEED,payment,,success
TXN0000414,2026-01-21 21:44:58,8867.17,INR,CUSTF72169BB,payment,,success
TXN0000583,2026-01-21 22:04:02,6783.35,INR,CUST3873E57F,payment,,success
TXN0000774,2026-01-21 22:07:39,22497.3,INR,CUSTB5A5F8E6,payment,,success
TXN0000252,2026-01-21 23:20:59,36753.24,INR,CUSTA9BA5A27,payment,,success
TXN0000524,2026-01-22 02:44:32,13800.31,INR,CUST38B77C07,payment,,success
TXN0000200,2026-01-22 03:28:51,41304.16,INR,CUST7118E364,payment,,success
TXN0000417,2026-01-22 04:13:57,1035.2,INR,CUST03EDD1F8,payment,,success
TXN0000126,2026-01-22 04:26:08,30349.82,INR,CUSTEF8C485B,payment,,success
TXN0000514,2026-01-22 05:05:06,44485.38,INR,CUSTFBE94499,payment,,success
TXN0000479,2026-01-22 05:41:32,4676.51,INR,CUST1FA382E8,payment,,success
TXN0000251,2026-01-22 06:01:33,4114.05,INR,CUSTE82C7D7B,payment,,success
TXN0000053,2026-01-22 06:25:24,44990.74,INR,CUST5715BD6F,payment,,success
TXN0000269,2026-01-22 06:26:32,44054.25,INR,CUSTF6B751F7,payment,,success
TXN0000093,2026-01-22 06:31:19,41703.87,INR,CUSTCCF3A171,payment,,success
TXN0000798,2026-01-22 06:50:13,39904.51,INR,CUSTA0017720,payment,,success
TXN0000446,2026-01-22 07:57:48,26251.02,INR,CUSTB0B862EF,payment,,success
TXN0000789,2026-01-22 08:53:48,16803.34,INR,CUST96792482,payment,,success
TXN0000228,2026-01-22 09:11:00,17101.23,INR,CUST46FDE062,payment,,success
TXN0000267,2026-01-22 11:00:54,38023.53,INR,CUST770C7798,payment,,success
TXN0000153,2026-01-22 11:38:07,30671.35,INR,CUST0AB54BDE,payment,,success
TXN0000349,2026-01-22 12:34:43,22290.32,INR,CUST32A447B2,payment,,success
TXN0000373,2026-01-22 12:47:15,3767.19,INR,CUST668409E3,payment,,success
TXN0000302,2026-01-22 12:55:22,8401.6,INR,CUST3D85DE89,payment,,success
TXN0000467,2026-01-22 13:31:44,30568.71,INR,CUSTC958E75E,payment,,success
TXN0000772,2026-01-22 14:09:17,18059.88,INR,CUST8CCC9CEA,payment,,success
TXN0000537,2026-01-22 15:56:45,10807.06,INR,CUSTCB08587D,payment,,success
TXN0000650,2026-01-22 16:29:04,37712.46,INR,CUST54170A17,payment,,success
TXN0000523,2026-01-22 16:56:37,2213.52,INR,CUST97FA7F04,payment,,success
TXN0000211,2026-01-22 18:09:40,39667.35,INR,CUST935F2B0A,payment,,success
TXN0000678,2026-01-22 18:35:01,43494.05,INR,CUSTDF7D0DD7,payment,,success
TXN0000478,2026-01-22 19:29:41,45274.78,INR,CUST6502D6A2,payment,,success
TXN0000441,2026-01-22 19:58:39,45461.59,INR,CUSTAAB612C9,payment,,success
TXN0000764,2026-01-22 20:55:44,24581.11,INR,CUSTB43BD27F,payment,,success
TXN0000480,2026-01-22 21:36:07,44243.03,INR,CUSTBFBF397B,payment,,success
TXN0000438,2026-01-22 22:31:04,1976.6,INR,CUSTAEE1E86B,payment,,success
TXN0000377,2026-01-23 00:37:00,25327.0,INR,CUSTD32E6DCD,payment,,success
TXN0000262,2026-01-23 01:54:38,4494.18,INR,CUSTF510AB53,payment,,success
TXN0000285,2026-01-23 02:30:53,46649.33,INR,CUST75B17A55,payment,,success
TXN0000145,2026-01-23 02:35:53,20780.61,INR,CUST0B49452D,payment,,success
TXN0000151,2026-01-23 03:48:59,6753.62,INR,CUST093923DE,payment,,success
TXN0000277,2026-01-23 04:11:41,27608.13,INR,CUST4D3485C5,payment,,success
TXN0000669,2026-01-23 04:12:31,28239.17,INR,CUSTC09CB506,payment,,success
TXN0000508,2026-01-23 05:14:07,1945.49,INR,CUSTFD235DEF,payment,,success
TXN0000786,2026-01-23 05:26:50,5437.92,INR,CUST12FC7A87,payment,,success
TXN0000028,2026-01-23 06:36:04,7229.29,INR,CUSTA28DEFE3,payment,,success
TXN0000310,2026-01-23 07:26:18,12840.8,INR,CUST4E7ED827,payment,,success
TXN0000612,2026-01-23 07:32:48,45615.0,INR,CUSTF387E1BD,payment,,success
TXN0000197,2026-01-23 07:38:06,35394.7,INR,CUSTD56F0350,payment,,success
TXN0000421,2026-01-23 08:03:06,41618.09,INR,CUST65C17795,payment,,success
TXN0000797,2026-01-23 09:49:43,47154.45,INR,CUSTF4D375C1,payment,,success
TXN0000471,2026-01-23 09:53:46,38494.98,INR,CUSTF7A67B94,payment,,success
TXN0000174,2026-01-23 09:55:03,9168.28,INR,CUST59E4B671,payment,,success
TXN0000823,2026-01-23 10:36:13,40223.42,INR,CUSTD43CDD6D,refund,TXN0000788,success
TXN0000683,2026-01-23 11:26:19,33707.64,INR,CUST73069588,payment,,success
TXN0000432,2026-01-23 12:32:40,37746.85,INR,CUST0769165F,payment,,success
TXN0000567,2026-01-23 13:06:51,10280.75,INR,CUST2E709838,payment,,success
TXN0000506,2026-01-23 13:19:29,49042.88,INR,CUSTA3B5CECE,payment,,success
TXN0000203,2026-01-23 13:25:28,28535.5,INR,CUSTA8AA7158,payment,,success
TXN0000311,2026-01-23 14:03:33,45070.35,INR,CUSTB8A6171F,payment,,success
TXN0000718,2026-01-23 14:56:02,5020.55,INR,CUSTC1B5B5CA,payment,,success
TXN0000546,2026-01-23 16:34:02,40202.72,INR,CUST175A81EC,payment,,success
TXN0000844,2026-01-23 16:56:37,2213.52,INR,CUST97FA7F04,refund,TXN0000523,success
TXN0000435,2026-01-23 18:19:57,22166.18,INR,CUST697C3923,payment,,success
TXN0000469,2026-01-23 18:26:34,45208.32,INR,CUST45C45A3E,payment,,success
TXN0000487,2026-01-23 18:33:10,22485.21,INR,CUSTB379CB1E,payment,,success
TXN0000242,2026-01-23 19:29:15,14633.84,INR,CUST63D62A39,payment,,success
TXN0000255,2026-01-23 20:10:23,25996.3,INR,CUST53CD6268,payment,,success
TXN0000486,2026-01-23 22:26:59,34833.99,INR,CUSTA2A9D4D8,payment,,success
TXN0000214,2026-01-23 23:23:18,27718.3,INR,CUSTE4855AA1,payment,,success
TXN0000601,2026-01-24 00:56:15,13349.97,INR,CUST6F887F28,payment,,success
TXN0000155,2026-01-24 01:02:08,22558.48,INR,CUST0A368CE7,payment,,success
TXN0000144,2026-01-24 01:34:26,30602.57,INR,CUSTA2607723,payment,,success
TXN0000049,2026-01-24 01:44:38,47347.75,INR,CUST405CACEC,payment,,success
TXN0000210,2026-01-24 02:41:19,32330.55,INR,CUST74962764,payment,,success
TXN0000367,2026-01-24 02:52:00,22468.93,INR,CUSTFF37D19C,payment,,success
TXN0000631,2026-01-24 04:16:04,32561.88,INR,CUST73557B9D,payment,,success
TXN0000548,2026-01-24 05:41:06,26332.21,INR,CUST5F65C8CE,payment,,success
TXN0000714,2026-01-24 05:58:59,45730.62,INR,CUST5F90BED6,payment,,success
TXN0000791,2026-01-24 06:05:12,15777.75,INR,CUSTDE431E06,payment,,success
TXN0000623,2026-01-24 06:10:04,10777.94,INR,CUST497DE16D,payment,,success
TXN0000711,2026-01-24 06:32:05,10523.57,INR,CUSTC9525185,payment,,success
TXN0000843,2026-01-24 09:11:00,17101.23,INR,CUST46FDE062,refund,TXN0000228,success
TXN0000276,2026-01-24 10:09:09,49014.21,INR,CUST3E2B6091,payment,,success
TXN0000614,2026-01-24 12:06:38,9693.98,INR,CUST9458054E,payment,,success
TXN0000169,2026-01-24 13:48:50,1548.34,INR,CUSTEB1FA9F2,payment,,success
TXN0000169,2026-01-24 13:48:50,1548.34,INR,CUSTEB1FA9F2,payment,,success
TXN0000406,2026-01-24 13:50:12,30393.09,INR,CUSTDE9E3757,payment,,success
TXN0000409,2026-01-24 14:58:05,26394.01,INR,CUST517400F8,payment,,success
TXN0000735,2026-01-24 16:23:29,885.02,INR,CUST56CB1AB0,payment,,success
TXN0000168,2026-01-24 16:49:42,11049.14,INR,CUST787F2425,payment,,success
TXN0000209,2026-01-24 17:14:04,27803.29,INR,CUST9C7C7377,payment,,success
TXN0000617,2026-01-24 17:43:47,15920.33,INR,CUSTF891B0C3,payment,,success
TXN0000347,2026-01-24 18:07:50,30821.05,INR,CUST43B9DA13,payment,,success
TXN0000282,2026-01-24 18:28:20,43276.5,INR,CUST033D2BCE,payment,,success
TXN0000726,2026-01-24 19:35:07,23095.37,INR,CUSTE2C328AA,payment,,success
TXN0000226,2026-01-24 19:54:54,5219.12,INR,CUSTDC8AEE30,payment,,success
TXN0000538,2026-01-24 20:17:22,10088.9,INR,CUSTA79B44B6,payment,,success
TXN0000257,2026-01-24 20:54:07,48455.86,INR,CUST473BD358,payment,,success
TXN0000231,2026-01-24 20:55:34,3796.7,INR,CUST3C07C574,payment,,success
TXN0000545,2026-01-24 23:34:38,1411.57,INR,CUSTAFD380C4,payment,,success
TXN0000822,2026-01-25 00:21:28,1336.84,INR,CUST504867BA,refund,TXN0000112,success
TXN0000289,2026-01-25 01:05:58,48244.74,INR,CUST7701F7BB,payment,,success
TXN0000637,2026-01-25 01:09:50,9396.95,INR,CUSTEAFDE7D9,payment,,success
TXN0000870,2026-01-25 01:24:18,35264.77,INR,CUST1F5D988F,refund,TXN_GHOST005,success
TXN0000785,2026-01-25 01:39:06,29730.94,INR,CUST20156A72,payment,,success
TXN0000516,2026-01-25 02:07:07,34634.22,INR,CUST1C24220E,payment,,success
TXN0000320,2026-01-25 02:43:45,41658.66,INR,CUST0BA6EAB9,payment,,success
TXN0000578,2026-01-25 03:28:42,1256.5,INR,CUST9B69554D,payment,,success
TXN0000724,2026-01-25 05:43:42,27577.06,INR,CUSTF1901B7E,payment,,success
TXN0000749,2026-01-25 06:22:38,42281.96,INR,CUST67FD64C4,payment,,success
TXN0000592,2026-01-25 06:37:58,2108.72,INR,CUSTBDF66BA5,payment,,success
TXN0000040,2026-01-25 07:13:30,38121.91,INR,CUSTBEB79919,payment,,success
TXN0000738,2026-01-25 09:07:26,40676.55,INR,CUST15260718,payment,,success
TXN0000290,2026-01-25 09:12:41,48271.14,INR,CUST97AC6AA8,payment,,success
TXN0000558,2026-01-25 09:32:24,32085.27,INR,CUST8E676A01,payment,,success
TXN0000080,2026-01-25 09:51:47,45977.42,INR,CUST01D74256,payment,,success
TXN0000472,2026-01-25 09:55:43,26420.24,INR,CUSTDED255D0,payment,,success
TXN0000369,2026-01-25 11:00:52,11155.33,INR,CUST785299F4,payment,,success
TXN0000579,2026-01-25 12:53:07,22915.81,INR,CUST372F871A,payment,,success
TXN0000440,2026-01-25 14:46:36,19285.68,INR,CUSTA34DB7C5,payment,,success
TXN0000437,2026-01-25 15:05:25,3802.11,INR,CUST9C07A751,payment,,success
TXN0000462,2026-01-25 15:30:04,38566.65,INR,CUSTA0A11839,payment,,success
TXN0000275,2026-01-25 16:52:43,35300.04,INR,CUST9793B9B4,payment,,success
TXN0000032,2026-01-25 17:38:28,24726.44,INR,CUST5304317F,payment,,success
TXN0000824,2026-01-25 20:10:23,25996.3,INR,CUST53CD6268,refund,TXN0000255,success
TXN0000368,2026-01-25 21:57:56,29723.93,INR,CUSTD0725B5C,payment,,success
TXN0000264,2026-01-25 23:32:53,41263.87,INR,CUSTD6D7B3B8,payment,,success
TXN0000577,2026-01-25 23:41:52,23394.07,INR,CUST716FDA0A,payment,,success
TXN0000476,2026-01-26 01:04:40,42573.19,INR,CUST65BCC272,payment,,success
TXN0000517,2026-01-26 05:00:00,13409.36,INR,CUST21BDDB41,payment,,success
TXN0000594,2026-01-26 05:03:59,22903.73,INR,CUST5024BDC6,payment,,success
TXN0000695,2026-01-26 07:18:05,11130.03,INR,CUST781799FF,payment,,success
TXN0000370,2026-01-26 07:32:04,15151.35,INR,CUST5230DFBD,payment,,success
TXN0000235,2026-01-26 08:50:28,19080.86,INR,CUST6A34C854,payment,,success
TXN0000498,2026-01-26 09:54:13,48735.26,INR,CUSTB0B63BCF,payment,,success
TXN0000729,2026-01-26 10:26:22,1787.81,INR,CUST095FFA81,payment,,success
TXN0000424,2026-01-26 10:27:38,4024.49,INR,CUSTA075E927,payment,,success
TXN0000603,2026-01-26 10:46:29,31488.36,INR,CUSTBEED10B6,payment,,success
TXN0000740,2026-01-26 10:57:11,7529.98,INR,CUST2E326567,payment,,success
TXN0000816,2026-01-26 11:00:52,11155.33,INR,CUST785299F4,refund,TXN0000369,success
TXN0000699,2026-01-26 11:02:37,16004.85,INR,CUST6C5A6C93,payment,,success
TXN0000611,2026-01-26 12:13:30,18903.56,INR,CUSTC257CF73,payment,,success
TXN0000661,2026-01-26 12:15:34,22392.72,INR,CUST86CAC6F4,payment,,success
TXN0000499,2026-01-26 12:54:13,27249.69,INR,CUST71D79665,payment,,success
TXN0000366,2026-01-26 12:56:02,5771.1,INR,CUST7135F221,payment,,success
TXN0000741,2026-01-26 13:21:56,12695.67,INR,CUST1A43DB54,payment,,success
TXN0000751,2026-01-26 15:21:00,45965.7,INR,CUST07F8D4F0,payment,,success
TXN0000681,2026-01-26 16:08:46,6454.62,INR,CUST8412A335,payment,,success
TXN0000094,2026-01-26 16:15:38,490.37,INR,CUST310C0C00,payment,,success
TXN0000036,2026-01-26 16:27:46,12645.56,INR,CUST9132B63E,payment,,success
TXN0000427,2026-01-26 18:11:57,25546.61,INR,CUSTAF34CF65,payment,,success
TXN0000328,2026-01-26 18:29:16,25139.56,INR,CUST7DE31A51,payment,,success
TXN0000152,2026-01-26 18:48:48,49395.83,INR,CUST8D7248E2,payment,,success
TXN0000684,2026-01-26 19:44:51,19025.9,INR,CUSTD4BF7A4B,payment,,success
TXN0000415,2026-01-26 20:30:12,35213.2,INR,CUST19B17E80,payment,,success
TXN0000048,2026-01-26 20:38:51,38315.14,INR,CUST988C24C9,payment,,success
TXN0000634,2026-01-26 23:29:51,36960.46,INR,CUST0A0537F0,payment,,success
TXN0000737,2026-01-27 00:10:48,48876.22,INR,CUSTCC1B4157,payment,,success
TXN0000494,2026-01-27 00:32:52,920.12,INR,CUST965BEFDF,payment,,success
TXN0000121,2026-01-27 00:44:11,16624.38,INR,CUST90B2B633,payment,,success
TXN0000067,2026-01-27 00:49:05,22485.82,INR,CUST14296C07,payment,,success
TXN0000659,2026-01-27 02:15:12,40119.55,INR,CUSTC9C23E69,payment,,success
TXN0000199,2026-01-27 03:01:00,38754.61,INR,CUST9B4E2C24,payment,,success
TXN0000283,2026-01-27 03:29:30,24268.64,INR,CUST7D7DDBED,payment,,success
TXN0000060,2026-01-27 04:15:11,6702.36,INR,CUST5FB8D16C,payment,,success
TXN0000043,2026-01-27 04:25:19,47679.64,INR,CUSTFF50BDE4,payment,,success
TXN0000759,2026-01-27 05:48:03,16653.32,INR,CUST5DF06E8C,payment,,success
TXN0000298,2026-01-27 06:19:45,1891.37,INR,CUST989D9D4A,payment,,success
TXN0000265,2026-01-27 08:10:02,23152.62,INR,CUST3D114802,payment,,success
TXN0000511,2026-01-27 08:40:35,23722.65,INR,CUSTD0243D72,payment,,success
TXN0000351,2026-01-27 10:20:55,45094.64,INR,CUST44007D5A,payment,,success
TXN0000003,2026-01-27 11:23:53,4438.25,INR,CUSTBD9C66B3,payment,,success
TXN0000519,2026-01-27 11:31:25,14758.94,INR,CUST040A3AAE,payment,,success
TXN0000796,2026-01-27 11:42:14,9078.37,INR,CUST143029A9,payment,,success
TXN0000505,2026-01-27 12:09:07,16993.51,INR,CUST1777E8CB,payment,,success
TXN0000613,2026-01-27 12:27:15,17778.92,INR,CUST76C5A0DC,payment,,success
TXN0000154,2026-01-27 14:19:01,22351.09,INR,CUSTEEDEDB07,payment,,success
TXN0000379,2026-01-27 18:21:07,36069.91,INR,CUST0DE051A6,payment,,success
TXN0000284,2026-01-27 19:01:49,38167.35,INR,CUST5CB85AED,payment,,success
TXN0000272,2026-01-27 19:25:10,20458.74,INR,CUSTEDCB8CB6,payment,,success
TXN0000106,2026-01-27 19:44:18,7489.88,INR,CUSTC8FE3CCD,payment,,success
TXN0000838,2026-01-27 19:58:39,45461.59,INR,CUSTAAB612C9,refund,TXN0000441,success
TXN0000765,2026-01-27 20:20:08,47063.03,INR,CUST9CA3FBB3,payment,,success
TXN0000097,2026-01-27 20:33:08,7856.85,INR,CUST134C6C92,payment,,success
TXN0000225,2026-01-27 20:42:35,14677.62,INR,CUST722764E6,payment,,success
TXN0000776,2026-01-27 21:42:46,4743.91,INR,CUST3967E60A,payment,,success
TXN0000134,2026-01-27 21:56:14,6451.66,INR,CUSTCE9E1A11,payment,,success
TXN0000207,2026-01-27 23:32:36,606.54,INR,CUSTCE7AE7F6,payment,,success
TXN0000023,2026-01-28 00:53:36,11058.8,INR,CUSTDDD1DFB2,payment,,success
TXN0000705,2026-01-28 01:17:10,26546.59,INR,CUST93364F7E,payment,,success
TXN0000590,2026-01-28 01:55:16,46953.53,INR,CUST8F0881EE,payment,,success
TXN0000234,2026-01-28 02:12:07,38245.73,INR,CUST271E3EE2,payment,,success
TXN0000618,2026-01-28 05:00:55,46691.65,INR,CUST70944BDB,payment,,success
TXN0000610,2026-01-28 05:28:49,16319.97,INR,CUST2C6A6E9A,payment,,success
TXN0000104,2026-01-28 05:30:13,582.52,INR,CUST2A25A888,payment,,success
TXN0000810,2026-01-28 05:41:06,26332.21,INR,CUST5F65C8CE,refund,TXN0000548,success
TXN0000006,2026-01-28 05:53:52,10022.0,INR,CUST9A1DE644,payment,,success
TXN0000536,2026-01-28 06:23:46,5976.27,INR,CUST816BCB9F,payment,,success
TXN0000624,2026-01-28 06:47:54,34838.95,INR,CUSTFA34D2E8,payment,,success
TXN0000704,2026-01-28 07:13:37,20692.61,INR,CUST893AD232,payment,,success
TXN0000598,2026-01-28 07:51:15,15059.55,INR,CUSTF296D9F0,payment,,success
TXN0000560,2026-01-28 08:39:45,2155.6,INR,CUST6DDA4F8D,payment,,success
TXN0000184,2026-01-28 09:04:19,47393.08,INR,CUST6FA17735,payment,,success
TXN0000433,2026-01-28 09:40:50,32185.29,INR,CUST0E5DD462,payment,,success
TXN0000867,2026-01-28 09:56:25,38539.8,INR,CUST586A346A,refund,TXN_GHOST002,success
TXN0000744,2026-01-28 10:16:30,12236.07,INR,CUST71A3FAD2,payment,,success
TXN0000085,2026-01-28 10:32:13,26186.86,INR,CUSTB92DA22B,payment,,success
TXN0000750,2026-01-28 11:16:14,48868.73,INR,CUSTBFF9507D,payment,,success
TXN0000306,2026-01-28 11:21:14,34121.84,INR,CUSTA9F948B2,payment,,success
TXN0000398,2026-01-28 11:48:42,32901.5,INR,CUSTDABAC50D,payment,,success
TXN0000403,2026-01-28 13:17:39,29851.57,INR,CUST7250EE18,payment,,success
TXN0000136,2026-01-28 15:03:20,15117.4,INR,CUSTEE87905E,payment,,success
TXN0000248,2026-01-28 15:10:27,46067.51,INR,CUSTCC530E36,payment,,success
TXN0000779,2026-01-28 18:22:55,26103.12,INR,CUST9280C5AA,payment,,success
TXN0000664,2026-01-28 19:14:44,26879.34,INR,CUST2E4BEBC4,payment,,success
TXN0000532,2026-01-28 20:40:02,6970.99,INR,CUST25F934BF,payment,,success
TXN0000227,2026-01-28 20:49:59,14288.53,INR,CUSTC074718E,payment,,success
TXN0000317,2026-01-28 21:42:15,14864.03,INR,CUSTD52721E7,payment,,success
TXN0000549,2026-01-28 21:48:27,3780.16,INR,CUST0F5AE9D3,payment,,success
TXN0000165,2026-01-28 22:43:40,19081.01,INR,CUSTBC2CBB0D,payment,,success
TXN0000793,2026-01-28 22:56:52,39120.52,INR,CUST2976AAB2,payment,,success
TXN0000826,2026-01-28 23:59:59,6454.62,INR,CUST8412A335,refund,TXN0000681,success
TXN0000811,2026-01-28 23:59:59,14758.94,INR,CUST040A3AAE,refund,TXN0000519,success
TXN0000832,2026-01-28 23:59:59,23394.07,INR,CUST716FDA0A,refund,TXN0000577,success
TXN0000833,2026-01-28 23:59:59,22392.72,INR,CUST86CAC6F4,refund,TXN0000661,success
TXN0000845,2026-01-28 23:59:59,47063.03,INR,CUST9CA3FBB3,refund,TXN0000765,success
TXN0000846,2026-01-28 23:59:59,6970.99,INR,CUST25F934BF,refund,TXN0000532,success
TXN0000842,2026-01-28 23:59:59,23152.62,INR,CUST3D114802,refund,TXN0000265,success
TXN0000806,2026-01-28 23:59:59,17778.92,INR,CUST76C5A0DC,refund,TXN0000613,success
TXN0000849,2026-01-28 23:59:59,26546.59,INR,CUST93364F7E,refund,TXN0000705,success
TXN0000850,2026-01-28 23:59:59,46953.53,INR,CUST8F0881EE,refund,TXN0000590,success
TXN0000855,2026-01-30 00:41:52,24281.99,INR,CUSTF2D3F761,payment,,success
TXN0000860,2026-01-30 02:14:49,39814.46,INR,CUST4D560A3D,payment,,success
TXN0000865,2026-01-30 08:18:58,13467.66,INR,CUST24C778A5,payment,,success
TXN0000852,2026-01-30 12:36:52,27790.14,INR,CUSTE6E987CA,payment,,success
TXN0000853,2026-01-30 21:01:56,7100.8,INR,CUSTEC86A890,payment,,success
TXN0000861,2026-01-30 21:16:09,1731.48,INR,CUSTCEAE71CF,payment,,success
TXN0000856,2026-01-31 03:57:28,48195.07,INR,CUST43C07D43,payment,,success
TXN0000858,2026-01-31 06:15:55,35536.1,INR,CUST07C0D116,payment,,success
TXN0000854,2026-01-31 08:50:27,31008.56,INR,CUSTDD20C3BF,payment,,success
TXN0000851,2026-01-31 11:26:17,31811.53,INR,CUST2BD3CDCD,payment,,success
TXN0000859,2026-01-31 11:35:09,8445.95,INR,CUST8BAAF744,payment,,success
TXN0000862,2026-01-31 15:08:50,14504.65,INR,CUST741B77F5,payment,,success
TXN0000864,2026-01-31 16:01:47,25589.22,INR,CUST76E5AE78,payment,,success
TXN0000863,2026-01-31 17:11:21,37151.66,INR,CUST2877F5D9,payment,,success
TXN0000857,2026-01-31 23:33:18,24799.0,INR,CUST92779574,payment,,success
